<?xml version="1.0" encoding="utf-8" standalone="yes" ?>
<Window size="480,320" caption="0,0,0,50">
<Font name="微软雅黑" size="14" bold="false" italic="false" />
<Font name="微软雅黑" size="12" bold="false" italic="false" />
    <Default name="VScrollBar" value="button1normalimage=&quot;file=&apos;resource/detecting/scroll.png&apos; source=&apos;0,0,16,16&apos;&quot; button1hotimage=&quot;file=&apos;resource/detecting//scroll.png&apos; source=&apos;0,0,16,16&apos; mask=&apos;#FFFF00FF&apos;&quot; button1pushedimage=&quot;file=&apos;resource/detecting//scroll.png&apos; source=&apos;0,16,16,32&apos; mask=&apos;#FFFF00FF&apos;&quot; button1disabledimage=&quot;file=&apos;resource/detecting//scroll.png&apos; source=&apos;0,0,16,16&apos; mask=&apos;#FFFF00FF&apos;&quot; button2normalimage=&quot;file=&apos;resource/detecting//scroll.png&apos; source=&apos;0,32,16,48&apos; mask=&apos;#FFFF00FF&apos;&quot; button2hotimage=&quot;file=&apos;resource/detecting//scroll.png&apos; source=&apos;0,32,16,48&apos; mask=&apos;#FFFF00FF&apos;&quot; button2pushedimage=&quot;file=&apos;resource/detecting//scroll.png&apos; source=&apos;0,48,16,64&apos; mask=&apos;#FFFF00FF&apos;&quot; button2disabledimage=&quot;file=&apos;resource/detecting//scroll.png&apos; source=&apos;0,32,16,48&apos; mask=&apos;#FFFF00FF&apos;&quot; thumbnormalimage=&quot;file=&apos;resource/detecting//scroll.png&apos; source=&apos;0,64,16,80&apos; corner=&apos;2,2,2,2&apos; mask=&apos;#FFFF00FF&apos;&quot; thumbhotimage=&quot;file=&apos;resource/detecting//scroll.png&apos; source=&apos;0,64,16,80&apos; corner=&apos;2,2,2,2&apos; mask=&apos;#FFFF00FF&apos;&quot; thumbpushedimage=&quot;ffile=&apos;resource/detecting//scroll.png&apos; source=&apos;0,64,16,80&apos; corner=&apos;2,2,2,2&apos; mask=&apos;#FFFF00FF&apos;&quot; thumbdisabledimage=&quot;file=&apos;resource/detecting//scroll.png&apos; source=&apos;0,64,16,80&apos; corner=&apos;2,2,2,2&apos; mask=&apos;#FFFF00FF&apos;&quot; railnormalimage=&quot;file=&apos;resource/detecting//scroll.png&apos; source=&apos;0,80,16,96&apos; corner=&apos;2,2,2,2&apos; mask=&apos;#FFFF00FF&apos;&quot; railhotimage=&quot;file=&apos;resource/detecting//scroll.png&apos; source=&apos;0,80,16,96&apos; corner=&apos;2,2,2,2&apos; mask=&apos;#FFFF00FF&apos;&quot; railpushedimage=&quot;file=&apos;resource/detecting//scroll.png&apos; source=&apos;0,96,16,112&apos; corner=&apos;2,2,2,2&apos; mask=&apos;#FFFF00FF&apos;&quot; raildisabledimage=&quot;file=&apos;resource/detecting//scroll.png&apos; source=&apos;0,80,16,96&apos; corner=&apos;2,2,2,2&apos; mask=&apos;#FFFF00FF&apos;&quot; bknormalimage=&quot;file=&apos;resource/detecting//scroll.png&apos; source=&apos;0,128,16,146&apos; corner=&apos;2,2,2,2&apos; mask=&apos;#FFFF00FF&apos;&quot; bkhotimage=&quot;file=&apos;resource/detecting//scroll.png&apos; source=&apos;0,128,16,146&apos; corner=&apos;2,2,2,2&apos; mask=&apos;#FFFF00FF&apos;&quot; bkpushedimage=&quot;file=&apos;resource/detecting//scroll.png&apos; source=&apos;0,128,16,146&apos; corner=&apos;2,2,2,2&apos; mask=&apos;#FFFF00FF&apos;&quot; bkdisabledimage=&quot;file=&apos;resource/detecting//scroll.png&apos; source=&apos;0,128,16,146&apos; corner=&apos;2,2,2,2&apos; mask=&apos;#FFFF00FF&apos;&quot; " />
	<VerticalLayout width="480" height="310" bkimage="resource\about\bk.png">
        <Label text="暗链检测配置" font="0" float="true" pos="25,9,0,0" width="93" height="22" textcolor="#FF333333" disabledtextcolor="#FFA7A6AA" />
        <Option name="opt" float="true" pos="20,54,0,0" width="14" height="14" foreimage="resource\about\darklink_close.png" selectedimage="resource\about\darklink_open.png" />
		<Option name="optkwd" float="true" pos="20,76,0,0" width="14" height="14" foreimage="resource\about\darklink_close.png" selectedimage="resource\about\darklink_open.png" />
        <Label text="开启暗链检测" font="1" float="true" pos="40,51,0,0" width="91" height="19" textcolor="#FF333333" disabledtextcolor="#FFA7A6AA" />
        <Label text="自定义敏感词" font="1" float="true" pos="40,74,0,0" width="75" height="17" textcolor="#FF333333" disabledtextcolor="#FFA7A6AA" />
        <RichEdit name="customedit" text="" enabled="false" font="1" bordersize="1" bordervisible="true" bordercolor="#00DAE0E7" vscrollbar="true" autovscroll="true" float="true" pos="40,106,0,0" width="426" height="150" bkcolor="#FFFFFFFF" inset="8,3,4,3" textcolor="#66404040" disabledtextcolor="#FFA7A6AA" />
        <Button name="sure" text="确定" font="1" float="true" pos="286,282,0,0" width="66" height="25" textcolor="#00FFFFFF" disabledtextcolor="#FFA7A6AA" align="center" normalimage="resource\btn-small-green-normal.png" hotimage="resource\btn-small-green-hover.png" pushedimage="resource\btn-small-green-active.png" />
        <Button name="cancelbtn" text="取消" font="1" float="true" pos="377,282,0,0" width="66" height="25" textcolor="#00808080" disabledtextcolor="#FFA7A6AA" align="center" normalimage="resource\btn-gray-normal.png" hotimage="resource\btn-gray-hover.png" pushedimage="resource\btn-gray-active.png" />
        <Button name="closebtn" float="true" pos="447,14,0,0" width="12" height="12" textcolor="#FF000000" disabledtextcolor="#FFA7A6AA" align="center" normalimage="resource\about\close-normal.png" hotimage="resource\about\close-hover.png" pushedimage="resource\about\close-click.png" />
        <Label float="true" tooltip="自定义敏感词编辑规则：
只支持长度为2-32个字符的敏感词，按行分隔敏感词。
例如：
六合彩
赌博"
 pos="116,76,0,0" width="12" height="12" bkimage="resource\about\tip.png" textcolor="#FF000000" disabledtextcolor="#FFA7A6AA" />
    </VerticalLayout>
</Window>
