<?xml version="1.0" encoding="utf-8" standalone="yes" ?>
<Window size="740,520" caption="0,0,0,50">
    <Default name="VScrollBar" value="button1normalimage=&quot;file='resource\Skin\scrollbar.bmp' source='0,90,16,106' mask='#FFFF00FF'&quot; button1hotimage=&quot;file='resource\Skin\scrollbar.bmp' source='18,90,34,106' mask='#FFFF00FF'&quot; button1pushedimage=&quot;file='resource\Skin\scrollbar.bmp' source='36,90,52,106' mask='#FFFF00FF'&quot; button1disabledimage=&quot;file='resource\Skin\scrollbar.bmp' source='54,90,70,106' mask='#FFFF00FF'&quot; button2normalimage=&quot;file='resource\Skin\scrollbar.bmp' source='0,108,16,124' mask='#FFFF00FF'&quot; button2hotimage=&quot;file='resource\Skin\scrollbar.bmp' source='18,108,34,124' mask='#FFFF00FF'&quot; button2pushedimage=&quot;file='resource\Skin\scrollbar.bmp' source='36,108,52,124' mask='#FFFF00FF'&quot; button2disabledimage=&quot;file='resource\Skin\scrollbar.bmp' source='54,108,70,124' mask='#FFFF00FF'&quot; thumbnormalimage=&quot;file='resource\Skin\scrollbar.bmp' source='0,126,16,142' corner='2,2,2,2' mask='#FFFF00FF'&quot; thumbhotimage=&quot;file='resource\Skin\scrollbar.bmp' source='18,126,34,142' corner='2,2,2,2' mask='#FFFF00FF'&quot; thumbpushedimage=&quot;file='resource\Skin\scrollbar.bmp' source='36,126,52,142' corner='2,2,2,2' mask='#FFFF00FF'&quot; thumbdisabledimage=&quot;file='resource\Skin\scrollbar.bmp' source='54,126,70,142' corner='2,2,2,2' mask='#FFFF00FF'&quot; railnormalimage=&quot;file='resource\Skin\scrollbar.bmp' source='0,144,16,160' corner='2,2,2,2' mask='#FFFF00FF'&quot; railhotimage=&quot;file='resource\Skin\scrollbar.bmp' source='18,144,34,160' corner='2,2,2,2' mask='#FFFF00FF'&quot; railpushedimage=&quot;file='resource\Skin\scrollbar.bmp' source='36,144,52,160' corner='2,2,2,2' mask='#FFFF00FF'&quot; raildisabledimage=&quot;file='resource\Skin\scrollbar.bmp' source='54,144,70,160' corner='2,2,2,2' mask='#FFFF00FF'&quot; bknormalimage=&quot;file='resource\Skin\scrollbar.bmp' source='0,162,16,178' corner='2,2,2,2' mask='#FFFF00FF'&quot; bkhotimage=&quot;file='resource\Skin\scrollbar.bmp' source='18,162,34,178' corner='2,2,2,2' mask='#FFFF00FF'&quot; bkpushedimage=&quot;file='resource\Skin\scrollbar.bmp' source='36,162,52,178' corner='2,2,2,2' mask='#FFFF00FF'&quot; bkdisabledimage=&quot;file='resource\Skin\scrollbar.bmp' source='54,162,70,178' corner='2,2,2,2' mask='#FFFF00FF'&quot; " />
	<Font name="微软雅黑" size="12" bold="false" italic="false" />
    <Font name="微软雅黑" size="18" bold="false" italic="false" />
    <Font name="微软雅黑" size="14" bold="false" italic="false" />
	<Font name="微软雅黑" size="12" bold="false" italic="false" />
    <VerticalLayout width="740" height="520" bkimage="resource\bg-dlg.png" bordervisible="true" bordersize="1" bordercolor="FFA7A6AA">
        <TabLayout name="DetectTab" text="56%" width="740" height="140">
            <HorizontalLayout> <!--  0 ：正在扫描 -->  
                <Label float="true" pos="17,14,0,0" width="15" height="16" bkimage="resource\logo-title-small.png" textcolor="#FF000000" disabledtextcolor="#FFA7A6AA" />
                <Label text="Sangfor WebShellKiller 2017" float="true" pos="38,8,0,0" width="219" height="28" textcolor="#00FFFFFF" disabledtextcolor="#FFA7A6AA" font="0" />
                <Button name="darklink0" tooltip="暗链检测已关闭" enabled="false" float="true" pos="571,12,0,0" width="24" height="24" textcolor="#FF000000" disabledtextcolor="#FFA7A6AA" align="center" normalimage="resource\about\darklink_close_normal.png" disabledimage="resource\about\darklink_close_enabled.png" />
				<Button name="content" tooltip="菜单" float="true" pos="615,12,0,0" width="24" height="24" textcolor="#FF000000" disabledtextcolor="#FFA7A6AA" align="center" normalimage="resource\window-button-menu.png" hotimage="resource\window-button-menu-hover.png" />
                <Button name="minbtn" tooltip="最小化" float="true" pos="659,12,0,0" width="24" height="24" textcolor="#FF000000" disabledtextcolor="#FFA7A6AA" align="center" normalimage="resource\window-button-min.png" hotimage="resource\window-button-min-hover.png" />
                <Button name="closebtn" tooltip="关闭" float="true" pos="700,13,0,0" width="24" height="24" textcolor="#FF000000" disabledtextcolor="#FFA7A6AA" align="center" normalimage="resource\window-button-close.png" hotimage="resource\window-button-close-hover.png" />
                <Label name="dynamicflash" float="true" pos="26,49,0,0" width="64" height="64" bkimage="resource\loading2.gif" textcolor="#00FFFFFF" disabledtextcolor="#FFA7A6AA" font="1" align="center" />
                <Label name="detectdir" text="检测目标:" endellipsis="true" float="true" pos="110,44,0,0" width="460" height="26" textcolor="#00FFFFFF" disabledtextcolor="#FFA7A6AA" font="2" />
                <Label name="filescan" text="正在扫描：" endellipsis="true" float="true" pos="110,74,0,0" width="454" height="25" textcolor="#00FFFFFF" disabledtextcolor="#FFA7A6AA" font="0" />
				<Label name="costtime" text="耗时：00.00.00" float="true" pos="110,104,0,0" width="110" height="25" textcolor="#00FFFFFF" disabledtextcolor="#FFA7A6AA" font="0" />
                <Label name="filenum" text="扫描文件: 0个" float="true" pos="252,104,0,0" width="140" height="25" textcolor="#00FFFFFF" disabledtextcolor="#FFA7A6AA" font="0" />
                <Button name="pause" text="暂停" float="true" pos="572,72,0,0" width="58" height="24" textcolor="#00FFFFFF" disabledtextcolor="#FFA7A6AA" font="0" align="center" normalimage="resource\btn-ghost-normal.png" hotimage="resource\btn-ghost-hover.png" pushedimage="resource\btn-ghost-active.png" />
                <Button name="cancle" text="取消" float="true" pos="647,72,0,0" width="58" height="24" textcolor="#00FFFFFF" disabledtextcolor="#FFA7A6AA" font="0" align="center" normalimage="resource\btn-ghost-normal.png" hotimage="resource\btn-ghost-hover.png" pushedimage="resource\btn-ghost-active.png" />
            </HorizontalLayout>
			<HorizontalLayout> <!--  1 ：暂停扫描 <Button name="submit1" text="一键上传样本" float="true" pos="600,104,0,0" width="116" height="26" textcolor="#00FFFFFF" disabledtextcolor="#FFA7A6AA" hottextcolor="#003241BB" font="0" align="center" />-->
                <Label float="true" pos="17,14,0,0" width="15" height="16" bkimage="resource\logo-title-small.png" textcolor="#FF000000" disabledtextcolor="#FFA7A6AA" />
                <Label text="Sangfor WebShellKiller 2017" float="true" pos="38,8,0,0" width="219" height="28" textcolor="#00FFFFFF" disabledtextcolor="#FFA7A6AA" font="0" />
                <Button name="darklink1" tooltip="暗链检测已关闭" enabled="false" float="true" pos="571,12,0,0" width="24" height="24" textcolor="#FF000000" disabledtextcolor="#FFA7A6AA" align="center" normalimage="resource\about\darklink_close_normal.png" disabledimage="resource\about\darklink_close_enabled.png"/>
				<Button name="content" tooltip="菜单" float="true" pos="615,12,0,0" width="24" height="24" textcolor="#FF000000" disabledtextcolor="#FFA7A6AA" align="center" normalimage="resource\window-button-menu.png" hotimage="resource\window-button-menu-hover.png" />
                <Button name="minbtn" tooltip="最小化" float="true" pos="659,12,0,0" width="24" height="24" textcolor="#FF000000" disabledtextcolor="#FFA7A6AA" align="center" normalimage="resource\window-button-min.png" hotimage="resource\window-button-min-hover.png" />
                <Button name="closebtn" tooltip="关闭" float="true" pos="700,13,0,0" width="24" height="24" textcolor="#FF000000" disabledtextcolor="#FFA7A6AA" align="center" normalimage="resource\window-button-close.png" hotimage="resource\window-button-close-hover.png" />
                <Label float="true" pos="26,49,0,0" width="64" height="64" bkimage="resource\flash\0.png" textcolor="#00FFFFFF" disabledtextcolor="#FFA7A6AA" font="1" align="center" />
                <Label name="detectdir1" text="检测目标： " endellipsis="true" float="true" pos="110,44,0,0" width="460" height="26" textcolor="#00FFFFFF" disabledtextcolor="#FFA7A6AA" font="2" />
                <Label name="costtime1" text="耗时：" float="true" pos="110,78,0,0" width="110" height="25" textcolor="#00FFFFFF" disabledtextcolor="#FFA7A6AA" font="0" />
                <Label name="filenum1" text="扫描文件：个" float="true" pos="220,78,0,0" width="140" height="25" textcolor="#00FFFFFF" disabledtextcolor="#FFA7A6AA" font="0" />
                <Label name="risknum1" text="发现威胁： 个" float="true" pos="370,78,0,0" width="150" height="25" textcolor="#00FFFFFF" disabledtextcolor="#FFA7A6AA" font="0" />
                <Button name="continuescan" text="继续" float="true" pos="572,72,0,0" width="58" height="24" textcolor="#00FFFFFF" disabledtextcolor="#FFA7A6AA" font="0" align="center" normalimage="resource\btn-ghost-normal.png" hotimage="resource\btn-ghost-hover.png" pushedimage="resource\btn-ghost-active.png" />
                <Button name="canclescan" text="取消" float="true" pos="647,72,0,0" width="58" height="24" textcolor="#00FFFFFF" disabledtextcolor="#FFA7A6AA" font="0" align="center" normalimage="resource\btn-ghost-normal.png" hotimage="resource\btn-ghost-hover.png" pushedimage="resource\btn-ghost-active.png" />
            </HorizontalLayout>
			<HorizontalLayout> <!--  2 ：取消扫描 -->
                <Label float="true" pos="17,14,0,0" width="15" height="16" bkimage="resource\logo-title-small.png" textcolor="#FF000000" disabledtextcolor="#FFA7A6AA" />
                <Label text="Sangfor WebShellKiller 2017" float="true" pos="38,8,0,0" width="219" height="28" textcolor="#00FFFFFF" disabledtextcolor="#FFA7A6AA" font="0" />
                <Button name="darklink2" tooltip="暗链检测已关闭" enabled="false" float="true" pos="571,12,0,0" width="24" height="24" textcolor="#FF000000" disabledtextcolor="#FFA7A6AA" align="center" normalimage="resource\about\darklink_close_normal.png" disabledimage="resource\about\darklink_close_enabled.png"/>
				<Button name="content" tooltip="菜单" float="true" pos="615,12,0,0" width="24" height="24" textcolor="#FF000000" disabledtextcolor="#FFA7A6AA" align="center" normalimage="resource\window-button-menu.png" hotimage="resource\window-button-menu-hover.png" />
                <Button name="minbtn" tooltip="最小化" float="true" pos="659,12,0,0" width="24" height="24" textcolor="#FF000000" disabledtextcolor="#FFA7A6AA" align="center" normalimage="resource\window-button-min.png" hotimage="resource\window-button-min-hover.png" />
                <Button name="closebtn" tooltip="关闭" float="true" pos="700,13,0,0" width="24" height="24" textcolor="#FF000000" disabledtextcolor="#FFA7A6AA" align="center" normalimage="resource\window-button-close.png" hotimage="resource\window-button-close-hover.png" />
                <Label float="true" pos="26,49,0,0" width="58" height="65" bkimage="resource\cancel-alert.png" textcolor="#00FFFFFF" disabledtextcolor="#FFA7A6AA" font="1" align="center" />
                <Label name="costtime2" text="耗时：" float="true" pos="110,78,0,0" width="110" height="25" textcolor="#00FFFFFF" disabledtextcolor="#FFA7A6AA" font="0" />
                <Label name="filenum2" text="扫描文件：个" float="true" pos="220,78,0,0" width="140" height="25" textcolor="#00FFFFFF" disabledtextcolor="#FFA7A6AA" font="0" />
                <Label name="risknum2" text="发现威胁： 个" float="true" pos="370,78,0,0" width="140" height="25" textcolor="#00FFFFFF" disabledtextcolor="#FFA7A6AA" font="0" />
                <Button name="back" text="返回" float="true" pos="640,64,0,0" width="80" height="32" textcolor="#00FFFFFF" disabledtextcolor="#FFA7A6AA" font="0" align="center" normalimage="resource\report-normal.png" hotimage="resource\report-hover.png" pushedimage="resource\report-active.png" disabledimage="resource\report-disable.png" />
                <Button name="report2" text="导出报表" float="true" pos="540,64,0,0" width="80" height="32" textcolor="#00FFFFFF" disabledtextcolor="#FFA7A6AA" align="center" normalimage="resource\report-normal1.png" hotimage="resource\report-hover1.png" pushedimage="resource\report-active1.png" disabledimage="resource\report-disable.png"/>
                <Button name="submit2" text="一键上传样本" float="true" pos="600,104,0,0" width="116" height="26" textcolor="#00FFFFFF" disabledtextcolor="#FFA7A6AA" hottextcolor="#003241BB" font="0" align="center" />
                <Label text="扫描操作已取消！" float="true" pos="110,44,0,0" width="128" height="26" textcolor="#00FFFFFF" disabledtextcolor="#FFA7A6AA" font="2" />
            </HorizontalLayout>
			<HorizontalLayout><!--  3  ：扫描完成-->
                <Label float="true" pos="17,14,0,0" width="15" height="16" bkimage="resource\logo-title-small.png" textcolor="#FF000000" disabledtextcolor="#FFA7A6AA" />
                <Label text="Sangfor WebShellKiller 2017" float="true" pos="38,8,0,0" width="219" height="28" textcolor="#00FFFFFF" disabledtextcolor="#FFA7A6AA" font="0" />
                <Button name="darklink3" tooltip="暗链检测已关闭" enabled="false" float="true" pos="571,12,0,0" width="24" height="24" textcolor="#FF000000" disabledtextcolor="#FFA7A6AA" align="center" normalimage="resource\about\darklink_close_normal.png" disabledimage="resource\about\darklink_close_enabled.png"/>
				<Button name="content" tooltip="菜单" float="true" pos="615,12,0,0" width="24" height="24" textcolor="#FF000000" disabledtextcolor="#FFA7A6AA" align="center" normalimage="resource\window-button-menu.png" hotimage="resource\window-button-menu-hover.png" />
                <Button name="minbtn" tooltip="最小化" float="true" pos="659,12,0,0" width="24" height="24" textcolor="#FF000000" disabledtextcolor="#FFA7A6AA" align="center" normalimage="resource\window-button-min.png" hotimage="resource\window-button-min-hover.png" />
                <Button name="closebtn" tooltip="关闭" float="true" pos="700,13,0,0" width="24" height="24" textcolor="#FF000000" disabledtextcolor="#FFA7A6AA" align="center" normalimage="resource\window-button-close.png" hotimage="resource\window-button-close-hover.png" />
                <Label float="true" pos="26,49,0,0" width="54" height="54" bkimage="resource\finishscan.png" textcolor="#00FFFFFF" disabledtextcolor="#FFA7A6AA" font="1" align="center" />
                <Label name="costtime3" text="耗时：" float="true" pos="110,78,0,0" width="110" height="25" textcolor="#00FFFFFF" disabledtextcolor="#FFA7A6AA" font="0" />
                <Label name="filenum3" text="扫描文件：个" float="true" pos="220,78,0,0" width="140" height="25" textcolor="#00FFFFFF" disabledtextcolor="#FFA7A6AA" font="0" />
                <Label name="risknum3" text="发现威胁：" float="true" pos="370,78,0,0" width="140" height="25" textcolor="#00FFFFFF" disabledtextcolor="#FFA7A6AA" font="0" />
                <Button name="back" text="返回" float="true" pos="640,64,0,0" width="80" height="32" textcolor="#00FFFFFF" disabledtextcolor="#FFA7A6AA" font="0" align="center" normalimage="resource\report-normal.png" hotimage="resource\report-hover.png" pushedimage="resource\report-active.png" disabledimage="resource\report-disable.png" />
                <Button name="report3" text="导出报表" float="true" pos="540,64,0,0" width="80" height="32" textcolor="#00FFFFFF" disabledtextcolor="#FFA7A6AA" align="center" normalimage="resource\report-normal1.png" hotimage="resource\report-hover1.png" pushedimage="resource\report-active1.png" disabledimage="resource\report-disable.png"/>
                <Button name="submit3" text="一键上传样本" float="true" pos="600,104,0,0" width="116" height="26" textcolor="#00FFFFFF" disabledtextcolor="#FFA7A6AA" font="0" align="center" hottextcolor="#003241BB" />
                <Label text="扫描完成！" float="true" pos="110,44,0,0" width="128" height="26" textcolor="#00FFFFFF" disabledtextcolor="#FFA7A6AA" font="2" />
            </HorizontalLayout>
		</TabLayout>
		<List name="ListDemo1"  bkcolor="ffe9ffff" itemtextpadding="4,4,4,4" itembkcolor="FFF0FAFF" itemtextcolor="00444444" width="740" height="340" vscrollbar="true" itemaltbk="true" itemfont="3"  itemalign="left" itemendellipsis="true" itemselectedtextcolor="#FF000000" itemhottextcolor="#FF000000" itemdisabledtextcolor="#FFCCCCCC" itemdisabledbkcolor="#FFFFFFFF" >
            <ListHeader name="domain" width="740" height="38" bkcolor="FFDAECF5" inset="10,8,10,10" >
                    <ListHeaderItem text="文件名" font="0" textcolor="#00444444" width="300" height="23" minwidth="16"  sepwidth="10" align="left"/>
                    <ListHeaderItem text="风险类型" font="0" textcolor="#00444444" width="60" height="23" minwidth="16"   align="left"/>
					<ListHeaderItem text="威胁名称" font="0" textcolor="#00444444" width="170" height="23" minwidth="16"   align="left" />
                    <ListHeaderItem text="大小" font="0" textcolor="#00444444" width="50" height="23" minwidth="16"   align="left" />
					<ListHeaderItem text="修改时间" font="0" textcolor="#00444444" width="240" height="23" minwidth="16"  sepwidth="10" align="left" />
            </ListHeader>
		</List>
	</VerticalLayout>
</Window>
