﻿<?xml version="1.0" encoding="utf-8" standalone="yes" ?>
<Window size="440,368" caption ="0,0,0,32" sizebox="0,0,0,0">
    <Font name="微软雅黑" size="14" bold="false" italic="false" />
    <Font name="微软雅黑" size="12" bold="false" italic="false" />
    <Font name="微软雅黑" size="10" bold="false" italic="false" />
    <Font name="微软雅黑" size="12" bold="false" italic="false" />
    <Default name="VScrollBar" value="button1normalimage=&quot;file='resource\Skin\scrollbar.bmp' source='0,90,16,106' mask='#FFFF00FF'&quot; button1hotimage=&quot;file='resource\Skin\scrollbar.bmp' source='18,90,34,106' mask='#FFFF00FF'&quot; button1pushedimage=&quot;file='resource\Skin\scrollbar.bmp' source='36,90,52,106' mask='#FFFF00FF'&quot; button1disabledimage=&quot;file='resource\Skin\scrollbar.bmp' source='54,90,70,106' mask='#FFFF00FF'&quot; button2normalimage=&quot;file='resource\Skin\scrollbar.bmp' source='0,108,16,124' mask='#FFFF00FF'&quot; button2hotimage=&quot;file='resource\Skin\scrollbar.bmp' source='18,108,34,124' mask='#FFFF00FF'&quot; button2pushedimage=&quot;file='resource\Skin\scrollbar.bmp' source='36,108,52,124' mask='#FFFF00FF'&quot; button2disabledimage=&quot;file='resource\Skin\scrollbar.bmp' source='54,108,70,124' mask='#FFFF00FF'&quot; thumbnormalimage=&quot;file='resource\Skin\scrollbar.bmp' source='0,126,16,142' corner='2,2,2,2' mask='#FFFF00FF'&quot; thumbhotimage=&quot;file='resource\Skin\scrollbar.bmp' source='18,126,34,142' corner='2,2,2,2' mask='#FFFF00FF'&quot; thumbpushedimage=&quot;file='resource\Skin\scrollbar.bmp' source='36,126,52,142' corner='2,2,2,2' mask='#FFFF00FF'&quot; thumbdisabledimage=&quot;file='resource\Skin\scrollbar.bmp' source='54,126,70,142' corner='2,2,2,2' mask='#FFFF00FF'&quot; railnormalimage=&quot;file='resource\Skin\scrollbar.bmp' source='0,144,16,160' corner='2,2,2,2' mask='#FFFF00FF'&quot; railhotimage=&quot;file='resource\Skin\scrollbar.bmp' source='18,144,34,160' corner='2,2,2,2' mask='#FFFF00FF'&quot; railpushedimage=&quot;file='resource\Skin\scrollbar.bmp' source='36,144,52,160' corner='2,2,2,2' mask='#FFFF00FF'&quot; raildisabledimage=&quot;file='resource\Skin\scrollbar.bmp' source='54,144,70,160' corner='2,2,2,2' mask='#FFFF00FF'&quot; bknormalimage=&quot;file='resource\Skin\scrollbar.bmp' source='0,162,16,178' corner='2,2,2,2' mask='#FFFF00FF'&quot; bkhotimage=&quot;file='resource\Skin\scrollbar.bmp' source='18,162,34,178' corner='2,2,2,2' mask='#FFFF00FF'&quot; bkpushedimage=&quot;file='resource\Skin\scrollbar.bmp' source='36,162,52,178' corner='2,2,2,2' mask='#FFFF00FF'&quot; bkdisabledimage=&quot;file='resource\Skin\scrollbar.bmp' source='54,162,70,178' corner='2,2,2,2' mask='#FFFF00FF'&quot; " />
	<Default name="HScrollBar" value="button1normalimage=&quot;file='resource\Skin\scrollbar.bmp' source='0,0,16,16'   mask='#FFFF00FF'&quot; button1hotimage=&quot;file='resource\Skin\scrollbar.bmp' source='18,0,34,16'   mask='#FFFF00FF'&quot; button1pushedimage=&quot;file='resource\Skin\scrollbar.bmp' source='36,0,52,16'   mask='#FFFF00FF'&quot; button1disabledimage=&quot;file='resource\Skin\scrollbar.bmp' source='54,0,70,16'   mask='#FFFF00FF'&quot; button2normalimage=&quot;file='resource\Skin\scrollbar.bmp' source='0,18,16,34'   mask='#FFFF00FF'&quot; button2hotimage=&quot;file='resource\Skin\scrollbar.bmp' source='18,18,34,34'   mask='#FFFF00FF'&quot; button2pushedimage=&quot;file='resource\Skin\scrollbar.bmp' source='36,18,52,34'   mask='#FFFF00FF'&quot; button2disabledimage=&quot;file='resource\Skin\scrollbar.bmp' source='54,18,70,34'   mask='#FFFF00FF'&quot; thumbnormalimage=&quot;file='resource\Skin\scrollbar.bmp' source='0,36,16,52' corner='2,2,2,2'   mask='#FFFF00FF'&quot; thumbhotimage=&quot;file='resource\Skin\scrollbar.bmp' source='18,36,34,52' corner='2,2,2,2'   mask='#FFFF00FF'&quot; thumbpushedimage=&quot;file='resource\Skin\scrollbar.bmp' source='36,36,52,52'   corner='2,2,2,2' mask='#FFFF00FF'&quot; thumbdisabledimage=&quot;file='resource\Skin\scrollbar.bmp' source='54,36,70,52'   corner='2,2,2,2' mask='#FFFF00FF'&quot; railnormalimage=&quot;file='resource\Skin\scrollbar.bmp' source='0,54,16,70'   corner='2,2,2,2' mask='#FFFF00FF'&quot; railhotimage=&quot;file='resource\Skin\scrollbar.bmp' source='18,54,34,70'   corner='2,2,2,2' mask='#FFFF00FF'&quot; railpushedimage=&quot;file='resource\Skin\scrollbar.bmp' source='36,54,52,70'   corner='2,2,2,2' mask='#FFFF00FF'&quot; raildisabledimage=&quot;file='resource\Skin\scrollbar.bmp' source='54,54,70,70'   corner='2,2,2,2' mask='#FFFF00FF'&quot; bknormalimage=&quot;file='resource\Skin\scrollbar.bmp' source='0,72,16,88'   corner='2,2,2,2' mask='#FFFF00FF'&quot; bkhotimage=&quot;file='resource\Skin\scrollbar.bmp' source='18,72,34,88'   corner='2,2,2,2' mask='#FFFF00FF'&quot; bkpushedimage=&quot;file='resource\Skin\scrollbar.bmp' source='36,72,52,88'   corner='2,2,2,2' mask='#FFFF00FF'&quot; bkdisabledimage=&quot;file='resource\Skin\scrollbar.bmp' source='54,72,70,88'   corner='2,2,2,2' mask='#FFFF00FF'&quot; " />
	<VerticalLayout width="440" height="368" bkcolor="#FFFFFFFF" borderround="5,5" bkimage="resource\Skin\feedback.png">
        <HorizontalLayout width="440" height="32">
            <Label text="反馈" 		float="true" pos="16,9,0,0"  width="28" height="14" textcolor="#003141B9" disabledtextcolor="#FFA7A6AA" font="0" />
            <Button 				float="true" pos="408,4,0,0" width="24" height="24" textcolor="#FF000000" disabledtextcolor="#FFA7A6AA" align="center" normalimage="resource\Skin\弹窗关闭.png" pushedimage="resource\Skin\弹窗关闭-按下.png" />
            <Button name="closebtn" float="true" pos="408,4,0,0" width="24" height="24" textcolor="#FF000000" disabledtextcolor="#FFA7A6AA" align="center" normalimage="resource\Skin\popup_close_normal.png" pushedimage="resource\Skin\popup_close_pushed.png" />
        </HorizontalLayout>
        <HorizontalLayout width="440" height="214" enabled="true">
            <Label 					  text="反馈内容" 							       float="true" pos="24,16,0,0"  width="84"  height="12" textcolor="#00333333" disabledtextcolor="#FFA7A6AA" font="1" />
            <RichEdit name="FeedBack" text="请在此描述您的问题或建议……" bordersize="1" float="true" pos="24,36,0,0"  width="392" height="80" vscrollbar="true" autovscroll="true" bkcolor="#FFFFFFFF" bordercolor="#00DAE0E7" transtext="60" textcolor="#66808080" align="top" font="1" inset="8,3,0,3" disabledtextcolor="#FFA7A6AA" />
            <Label 	  name="feedbacktip"  visible="false"    float="true" pos="24,118,0,0" width="12" height="12" bkimage="resource\Skin\tip.png"/>
			<Label 	  name="feedbacktiptext"  visible="false" text="字数超过1024个字符"  float="true" pos="40,118,0,0" width="150" height="14" textcolor="#00E24147" font="1"/>
            <Label 					  text="请提供联系方式，我们会尽快通知您处理结果"  float="true" pos="24,136,0,0" width="240" height="12" textcolor="#00333333" disabledtextcolor="#FFA7A6AA" font="1"/>
            <Edit name="Contact" text="请在此输入，我们会保护您的隐私" bordersize="1" float="true" pos="80,154,0,0" width="336" height="24" bkcolor="#FFFFFFFF" bordercolor="#00DAE0E7" inset="8,3,8,3" textpadding="8,3,4,3" textcolor="#66808080" font="1" disabledtextcolor="#FFA7A6AA" />
            <Combo name="FBcombo" normalimage="resource\Skin\down.png" pushedimage="resource\Skin\up.png" itemtextpadding="3,0,0,0" float="true" pos="24,152,0,0" enabled="true" width="56" height="24" textcolor="#00333333" itemtextcolor="#00333333" itemselectedtextcolor="#FF000000" bordercolor="#00DAE0E7" itemselectedbkcolor="#FFC1E3FF" itemhottextcolor="#FF000000" itemhotbkcolor="#FFE9F5FF" itemdisabledtextcolor="#FFCCCCCC" itemdisabledbkcolor="#FFFFFFFF" font="1" dropboxsize="0,150">
              <ListLabelElement text="邮箱" selected="true" />
              <ListLabelElement text="手机号" />
            </Combo>
			<Label name="emailtip"      visible="false" float="true" pos="80,182,0,0" width="12" height="12" bkimage="resource\Skin\tip.png"/>
			<Label name="emailtiptext" visible="false" text="您的邮件格式不正确" float="true" pos="96,180,0,0" width="200" height="16" textcolor="#00E24147" font="1" />
			<Label text="请上传文件，我们会尽快处理" float="true" pos="24,202,0,0" width="156" height="12" textcolor="#00333333" disabledtextcolor="#FFA7A6AA" font="1" />
        </HorizontalLayout>
        <TabLayout name="TAB" width="440" height="82">
            <HorizontalLayout>
                <Button name="UpLoad" text="上传" 					   float="true" pos="188,18,0,0" width="64"  height="24" textcolor="#00FFFFFF" disabledtextcolor="#FFA7A6AA" font="1" align="center" normalimage="resource\Skin\upload_normal.png" pushedimage="resource\Skin\upload_pushed.png" hotimage="resource\Skin\upload_hover.png"/>
                <Label 	 name="uploadtip"    visible="false"  float="true" pos="115,50,0,0" width="12" height="12" bkimage="resource\Skin\tip.png"/>
				<Label 	name="uploadtipText" text="文件大小不能超过5MB，多个文件请打包上传" float="true" pos="0,50,0,0"   width="440" height="12" textcolor="#00808080" disabledtextcolor="#FFA7A6AA" font="1" align="center" />
            </HorizontalLayout>
            <HorizontalLayout width="440" height="82">
              <Label  name="UploadFile" bordersize="1" bordercolor="#00DAE0E7" float="true" pos="24,8,0,0" textpadding="8,3,4,3" enabled="true" width="368" height="24" textcolor="#00666666" disabledtextcolor="#FFA7A6AA" font="1" />
              <Button name="Delete" float="true" pos="392,8,0,0" enabled="true" width="24" height="24" textcolor="#FF000000" disabledtextcolor="#FFA7A6AA" align="center" normalimage="resource\Skin\popup_close_normal.png" pushedimage="resource\Skin\popup_close_pushed.png" />
              <Label name="uploadfailedtip" visible="false" float="true" pos="0,40,0,0"   width="440" height="12" textcolor="#00808080" disabledtextcolor="#FFA7A6AA" font="1" align="center" />
            </HorizontalLayout>
        </TabLayout>
        <HorizontalLayout width="440" height="40">
          <Button name="Sure"   text="确定" float="true" pos="280,8,0,0" enabled="true" width="64" height="24" textcolor="#00FFFFFF" disabledtextcolor="#FFA7A6AA" font="1" align="center" normalimage="resource\Skin\popup_sure_normal.png" pushedimage="resource\Skin\popup_sure_pushed.png" hotimage="resource\Skin\popup_sure_hover.png"/>
          <Button name="Cancel" text="取消" float="true" pos="360,8,0,0" enabled="true" width="64" height="24" textcolor="#00666666" disabledtextcolor="#FFA7A6AA" font="1" align="center" normalimage="resource\Skin\popup_cancel_normal.png" pushedimage="resource\Skin\popup_cancel_pushed.png" hotimage="resource\Skin\popup_cancel_hover.png"/>
        </HorizontalLayout>
    </VerticalLayout>
</Window>
