<?xml version="1.0" encoding="utf-8" ?>
<Window size="112,145">
<Font name="微软雅黑" size="12"/> <!-- 0 -->
    <VerticalLayout width="112" height="145" bkimage="resource\menu\bk.png">
		<List header="hidden" width="112" inset="10,10,10,10" borderround="10,10">   
			<ListContainerElement name="menuRandom" height="40" insert="10,0,10,0">  
				<Button name="feedback" text="反馈意见" font="0" textpadding="20,0,0,0" textcolor="#00333333" disabledtextcolor="#FFA7A6AA" align="center" normalimage="resource\menu\feedback-normal.png" hotimage="resource\menu\feedback-hover.png" />
			</ListContainerElement>  
			<ListContainerElement name="menuSingleCircle" height="40" insert="10,0,10,0">  
				<Button name="update" text="检查更新" font="0" textpadding="20,0,0,0" textcolor="#00333333" disabledtextcolor="#FFA7A6AA" align="center" normalimage="resource\menu\update-normal.png" hotimage="resource\menu\update-hover.png" />
			</ListContainerElement>  
			<ListContainerElement name="menuSequence"  height="40" insert="10,0,10,0">  
				<Button name="about" text="关于" font="0" textpadding="10,0,0,0" textcolor="#00333333" disabledtextcolor="#FFA7A6AA" align="center" normalimage="resource\menu\about-normal.png" hotimage="resource\menu\about-hover.png" />
			</ListContainerElement>  
		</List>  
	</VerticalLayout>
</Window>
