<?xml version="1.0" encoding="utf-8" standalone="yes" ?>
<Window size="400,210" caption="0,0,0,40">
<Font name="微软雅黑" size="16" bold="false" italic="false" />
<Font name="微软雅黑" size="14" bold="false" italic="false" />
<Font name="微软雅黑" size="12" bold="false" italic="false" />
    <VerticalLayout width="400" height="210" bkimage="resource\msgbox\bk.png">
        <TabLayout name="MsgBoxTab" width="400" height="210">
            <HorizontalLayout> 		<!--  0 ：MB_OK -->
				<Label name="title_ok" text="警告" font="0" float="true" pos="16,8,0,0" width="200" height="27" textcolor="#00333333" disabledtextcolor="#FFA7A6AA" />
				<Button name="closewnd_ok" float="true" pos="373,13,0,0" width="11" height="12" textcolor="#FF000000" disabledtextcolor="#FFA7A6AA" align="center" normalimage="resource\msgbox\close-normal.png" hotimage="resource\msgbox\close-hover.png" pushedimage="resource\msgbox\close-click.png" />
				<Button name="closewnd_ok" float="true" pos="373,13,0,0" width="11" height="12" textcolor="#FF000000" disabledtextcolor="#FFA7A6AA" align="center" normalimage="resource\msgbox\close-normal.png" hotimage="resource\msgbox\close-hover.png" pushedimage="resource\msgbox\close-click.png" />
				<Label name="icon_ok" float="true" pos="30,72,0,0" width="56" height="56" bkimage="resource\msgbox\success.png" textcolor="#FF000000" disabledtextcolor="#FFA7A6AA" />
				<RichEdit name="tiptext_ok" float="true" font="1" enabled="false" pos="106,66,0,0" width="261" height="70" bkcolor="#FFFFFFFF" inset="4,3,4,3" textcolor="#00333333" disabledtextcolor="#FFA7A6AA" />
				<Button name="sure_ok" text="确定" font="1" float="true" pos="294,170,0,0" width="90" height="30" textcolor="#00FFFFFF" disabledtextcolor="#FFA7A6AA" align="center" normalimage="resource\msgbox\btn-small-green-normal.png" hotimage="resource\msgbox\btn-small-green-hover.png" pushedimage="resource\msgbox\btn-small-green-active.png" />
			</HorizontalLayout>
			<HorizontalLayout>		<!--  1 ：MB_OKCANCEL -->
				<Label name="title" text="警告" font="0" float="true" pos="16,8,0,0" width="200" height="27" textcolor="#00333333" disabledtextcolor="#FFA7A6AA" />
				<Button name="closewnd" float="true" pos="373,13,0,0" width="11" height="12" textcolor="#FF000000" disabledtextcolor="#FFA7A6AA" align="center" normalimage="resource\msgbox\close-normal.png" hotimage="resource\msgbox\close-hover.png" pushedimage="resource\msgbox\close-click.png" />
				<Label name="icon" float="true" pos="30,72,0,0" width="56" height="56" bkimage="resource\msgbox\success.png" textcolor="#FF000000" disabledtextcolor="#FFA7A6AA" />
				<RichEdit name="tiptext" float="true" font="1" enabled="false" pos="106,66,0,0" width="261" height="70" bkcolor="#FFFFFFFF" inset="4,3,4,3" textcolor="#00333333" disabledtextcolor="#FFA7A6AA" />
				<Button name="sure" text="确定" font="1" float="true" pos="188,170,0,0" width="90" height="30" textcolor="#00FFFFFF" disabledtextcolor="#FFA7A6AA" align="center" normalimage="resource\msgbox\btn-small-green-normal.png" hotimage="resource\msgbox\btn-small-green-hover.png" pushedimage="resource\msgbox\btn-small-green-active.png" />
				<Button name="cancel" text="取消" font="1" float="true" pos="294,170,0,0" width="90" height="30" textcolor="#FF000000" disabledtextcolor="#FFA7A6AA" align="center" normalimage="resource\msgbox\btn-gray-normal.png" hotimage="resource\msgbox\btn-gray-hover.png" pushedimage="resource\msgbox\btn-gray-active.png" />
			</HorizontalLayout>
		</TabLayout>
	</VerticalLayout>
</Window>
