<?xml version="1.0" encoding="utf-8" standalone="yes" ?>
<Window size="85,120">
<Font name="微软雅黑" size="12" bold="false" italic="false" />
    <VerticalLayout width="85" height="120" bkimage="resource\menu\bk-rb.png">
        <List borderround="5,5" bordervisible="true" bordersize="1" bordercolor="FFA7A6AA" itemtextcolor="#FF000000" itemselectedtextcolor="#FFFFFFFF" itemselectedbkcolor="#FF3D7BC5" itemhottextcolor="#FFFFFFFF" itemhotbkcolor="#FF4D8DD9" itemdisabledtextcolor="#FFCCCCCC" itemdisabledbkcolor="#FFFFFFFF" header="hidden" inset="4,4,4,4">
            <ListHeader />
            <ListContainerElement height="28">
                <Button name="opendir"  text="打开目录" textcolor="#FF000000" disabledtextcolor="#FFA7A6AA" align="center" font="0" />
            </ListContainerElement>
            <ListContainerElement height="28">
                <Button name="openfile" text="打开文件" textcolor="#FF000000" disabledtextcolor="#FFA7A6AA" align="center" font="0"/>
            </ListContainerElement>
            <ListContainerElement height="28">
                <Button name="bakfile" text="备份文件" textcolor="#FF000000" disabledtextcolor="#FFA7A6AA" align="center" font="0"/>
            </ListContainerElement>
            <ListContainerElement height="28">
                <Button name="deletefile" text="删除文件" textcolor="#FF000000" disabledtextcolor="#FFA7A6AA" align="center" font="0"/>
            </ListContainerElement>
        </List>
    </VerticalLayout>
</Window>
