<?xml version="1.0" encoding="utf-8" standalone="yes" ?>
<Window size="440,240" caption ="0,0,0,32" sizebox="0,0,0,0">
    <Font name="微软雅黑" size="10" bold="false" italic="false" />
    <Font name="微软雅黑" size="12" bold="false" italic="false" />
    <Font name="微软雅黑" size="14" bold="false" italic="false" />
    <Font name="微软雅黑" size="16" bold="false" italic="false" />
    <VerticalLayout enabled="true" width="440" height="240" bkcolor="#FFFFFFFF" borderround="5,5" bkimage="resource\Skin\popup.png">
        <HorizontalLayout enabled="true" width="440" height="32">	<!--不同弹出更改显示内容-->
            <Label  name="PopupName" text="关于" float="true" pos="16,9,0,0" enabled="true" width="120" height="14" textcolor="#003141B9" disabledtextcolor="#FFA7A6AA" font="2" />
            <Button name="closebtn" float="true" pos="408,4,0,0" enabled="true" width="24" height="24" textcolor="#FF000000" disabledtextcolor="#FFA7A6AA" align="center" normalimage="resource\Skin\popup_close_normal.png" pushedimage="resource\Skin\popup_close_pushed.png" />
        </HorizontalLayout>
        <TabLayout name="PopupTab" enabled="true" width="440" height="168">  <!--0-关于&检查更新-->
            <HorizontalLayout enabled="true" width="440" height="168" bordercolor="#00333333">
                <Label float="true" pos="20,42,0,0" width="59" height="64" bkimage="resource\logo-about.png" textcolor="#FF000000" disabledtextcolor="#FFA7A6AA" />
				<Label text="Sangfor WebshellKiller" float="true" pos="100,42,0,0" enabled="true" width="250" height="21" textcolor="#00333333" disabledtextcolor="#FFA7A6AA" font="3" />
                <Label name="Version" float="true" pos="100,65,0,0" enabled="true" width="100" height="12" textcolor="#00666666" disabledtextcolor="#FFA7A6AA" font="1" />
                <!--检查更新时根据有无更新更改显示内容-->
                <Label name="Common" text="深信服科技股份有限公司" float="true" pos="100,92,0,0" enabled="true" width="200" height="12" textcolor="#00666666" disabledtextcolor="#FFA7A6AA" font="1" />
                <!--检查更新时隐藏-->
                <Label name="Hide" text="Copyright © 2000-2017 版权所有" float="true" pos="100,114,0,0" enabled="true" width="196" height="16" textcolor="#00666666" disabledtextcolor="#FFA7A6AA" font="1" />
            </HorizontalLayout>
            <HorizontalLayout enabled="true" width="440" height="168">	<!--1-扫描结束不处理返回弹出(相应修改显示内容)-->
                <Label name="Query" float="true" pos="0,56,0,0" enabled="true" width="440" height="17" textcolor="#00333333" disabledtextcolor="#FFA7A6AA" font="3" align="center" />
                <Label name="Description" float="true" pos="0,88,0,0" enabled="true" width="440" height="13" textcolor="#00666666" disabledtextcolor="#FFA7A6AA" font="1" align="center" />
            </HorizontalLayout>
            <HorizontalLayout enabled="true" width="440" height="168">	<!--2-扫描结束信任文件-->
                <Label name="Operation" text="你确定要信任文件？" float="true" pos="48,56,0,0" enabled="true" width="128" height="20" textcolor="#00333333" disabledtextcolor="#FFA7A6AA" font="3" />
                <Label name="Warn" text="信任后将不再提示此风险" float="true" pos="48,88,0,0" enabled="true" width="156" height="16" textcolor="#00666666" disabledtextcolor="#FFA7A6AA" font="1" />
                <Label name="File" float="true" pos="176,60,0,0" endellipsis="true" enabled="true" width="200" height="16" textcolor="#00DD4141" disabledtextcolor="#FFA7A6AA" font="1" />
			</HorizontalLayout>
			<HorizontalLayout enabled="true" width="440" height="168">	<!--3-扫描过程中关闭/取消时弹出-->
                <Label float="true" pos="36,60,0,0" width="48" height="48" padding="40,64,0,0" bkimage="resource\Skin\alert.png" textcolor="#FF000000" disabledtextcolor="#FFA7A6AA" />
				<Label float="true" name="scantip" text="扫描尚未完成，确定取消吗？" pos="0,76,0,0" enabled="true" width="440" height="17" textcolor="#00333333" disabledtextcolor="#FFA7A6AA" font="3" align="center" />
                </HorizontalLayout>
            </TabLayout>
        <HorizontalLayout width="440" height="40">	<!--检查更新时隐藏上两个按钮，显示此按钮(已最新修改为不可点击)-->
            <Button name="Sure"   text="确定" 					  float="true" pos="280,8,0,0" enabled="true" width="64" height="24" textcolor="#00FFFFFF" disabledtextcolor="#FFA7A6AA" font="1" align="center" normalimage="resource\Skin\popup_sure_normal.png" pushedimage="resource\Skin\popup_sure_pushed.png" hotimage="resource\Skin\popup_sure_hover.png"/>
            <Button name="Cancel" text="关闭" 	  visible="false" float="true" pos="360,8,0,0" enabled="true" width="64" height="24" textcolor="#00666666" disabledtextcolor="#FFA7A6AA" font="1" align="center" normalimage="resource\Skin\popup_cancel_normal.png" pushedimage="resource\Skin\popup_cancel_pushed.png" hotimage="resource\Skin\popup_cancel_hover.png"/>
            <Button name="Update" text="立即升级" visible="false" float="true" pos="360,8,0,0" enabled="true" width="64" height="24" disabledtextcolor="#00FFFFFF" textcolor="#00FFFFFF" font="1" align="center" normalimage="resource\Skin\popup_sure_normal.png" pushedimage="resource\Skin\popup_sure_pushed.png" hotimage="resource\Skin\popup_sure_hover.png" disabledimage="resource\Skin\popup_update_disabled.png"/>
        </HorizontalLayout>
    </VerticalLayout>
</Window>
